#char,chess,word,matching,webcam
Char,0.12797183685004
Chess,0.0037705279587405
Word,0.007843769476877
Visual,0.10106604788808
Webcam,0.33583333333333
