#char,chess,word,matching,webcam,direct
Char,345.99749768306
Chess,829.3169718672
Word,44.723745170131
Visual,43.657066343797
Webcam,60
Direct,792232.09973803
